{"RuleTriggered": 14, "Violations": 14, "Details": {"algo-1": {"cpu": {"p25": 50.769999999999996, "p50": 51.98, "p75": 56.1025, "p95": 72.459125, "upper": 64.10125000000001, "lower": 42.771249999999995}, "gpu0": {"p25": 0.0, "p50": 0.0, "p75": 0.0, "p95": 0.0, "upper": 0.0, "lower": 0.0}, "gpu0_memory": {"p25": 0.0, "p50": 0.0, "p75": 0.0, "p95": 0.0, "upper": 0.0, "lower": 0.0}}, "last_timestamp": 1737548400000000}, "Datapoints": 13068, "RuleParameters": "cpu_threshold_p95:70\ngpu_threshold_p95:70\ngpu_memory_threshold_p95:70\npatience:1000\nwindow:500"}