{"RuleTriggered": 0, "Violations": 26, "Details": {"low_gpu_utilization": 13069, "bottlenecks": {"1737548419.500779": {"GPUs": 1, "CPUs": 1}, "1737548479.001695": {"GPUs": 1, "CPUs": 1}, "1737548516.501644": {"GPUs": 1, "CPUs": 1}, "1737548587.501625": {"GPUs": 1, "CPUs": 1}, "1737548674.001336": {"GPUs": 1, "CPUs": 1}, "1737548678.00087": {"GPUs": 1, "CPUs": 1}, "1737548679.001309": {"GPUs": 1, "CPUs": 1}, "1737548683.501782": {"GPUs": 1, "CPUs": 1}, "1737548684.001769": {"GPUs": 1, "CPUs": 1}, "1737548684.501709": {"GPUs": 1, "CPUs": 1}, "1737548695.001107": {"GPUs": 1, "CPUs": 1}, "1737548695.500803": {"GPUs": 1, "CPUs": 1}, "1737548696.001744": {"GPUs": 1, "CPUs": 1}, "1737548698.501503": {"GPUs": 1, "CPUs": 1}, "1737549447.501728": {"GPUs": 1, "CPUs": 1}, "1737549500.001278": {"GPUs": 1, "CPUs": 1}, "1737549500.501729": {"GPUs": 1, "CPUs": 1}, "1737550777.501683": {"GPUs": 1, "CPUs": 1}, "1737550778.501748": {"GPUs": 1, "CPUs": 1}, "1737550779.000762": {"GPUs": 1, "CPUs": 1}, "1737550779.501147": {"GPUs": 1, "CPUs": 1}, "1737550780.001672": {"GPUs": 1, "CPUs": 1}, "1737552851.501382": {"GPUs": 1, "CPUs": 1}, "1737552855.500954": {"GPUs": 1, "CPUs": 1}, "1737552856.00174": {"GPUs": 1, "CPUs": 1}, "1737553682.501191": {"GPUs": 1, "CPUs": 1}}}, "Datapoints": 13077, "RuleParameters": "threshold:50\nio_threshold:50\ngpu_threshold:10\npatience:1000"}